,year,stage,name,time,Date:,Start time:,Avg. speed winner:,Classification:,Race category:,Distance:,Points scale:,UCI scale:,Parcours type:,ProfileScore:,Vertical meters:,Departure:,Arrival:,Race ranking:,Startlist quality score:,Won how:,Avg. temperature:
0,1962,Stage 1 | Nancy - Spa,ALTIG Rudi,23793,24 June 1962,-,38.28 km/h,SPP,ME - Men Elite,253 km,GT.A.Stage,Na,Na,Na,Na,Nancy,Spa,n/a,1716,? - let us know!,Na
1,1962,Stage 1 | Nancy - Spa,DARRIGADE André,23793,24 June 1962,-,38.28 km/h,SPP,ME - Men Elite,253 km,GT.A.Stage,Na,Na,Na,Na,Nancy,Spa,n/a,1716,? - let us know!,Na
2,1962,Stage 1 | Nancy - Spa,VAN LOOY Rik,23793,24 June 1962,-,38.28 km/h,SPP,ME - Men Elite,253 km,GT.A.Stage,Na,Na,Na,Na,Nancy,Spa,n/a,1716,? - let us know!,Na
3,1962,Stage 1 | Nancy - Spa,HOEVENAERS Jos,23793,24 June 1962,-,38.28 km/h,SPP,ME - Men Elite,253 km,GT.A.Stage,Na,Na,Na,Na,Nancy,Spa,n/a,1716,? - let us know!,Na
4,1962,Stage 1 | Nancy - Spa,CARLESI Guido,23793,24 June 1962,-,38.28 km/h,SPP,ME - Men Elite,253 km,GT.A.Stage,Na,Na,Na,Na,Nancy,Spa,n/a,1716,? - let us know!,Na
5,1962,Stage 1 | Nancy - Spa,DESMET Gilbert,23793,24 June 1962,-,38.28 km/h,SPP,ME - Men Elite,253 km,GT.A.Stage,Na,Na,Na,Na,Nancy,Spa,n/a,1716,? - let us know!,Na
6,1962,Stage 1 | Nancy - Spa,VAN EST Piet,23793,24 June 1962,-,38.28 km/h,SPP,ME - Men Elite,253 km,GT.A.Stage,Na,Na,Na,Na,Nancy,Spa,n/a,1716,? - let us know!,Na
7,1962,Stage 1 | Nancy - Spa,OTAÑO Luis,23793,24 June 1962,-,38.28 km/h,SPP,ME - Men Elite,253 km,GT.A.Stage,Na,Na,Na,Na,Nancy,Spa,n/a,1716,? - let us know!,Na
8,1962,Stage 1 | Nancy - Spa,SIMPSON Tom,23793,24 June 1962,-,38.28 km/h,SPP,ME - Men Elite,253 km,GT.A.Stage,Na,Na,Na,Na,Nancy,Spa,n/a,1716,? - let us know!,Na
9,1962,Stage 1 | Nancy - Spa,JUNKERMANN Hans,23793,24 June 1962,-,38.28 km/h,SPP,ME - Men Elite,253 km,GT.A.Stage,Na,Na,Na,Na,Nancy,Spa,n/a,1716,? - let us know!,Na
10,1962,Stage 1 | Nancy - Spa,DAEMS Emile,23793,24 June 1962,-,38.28 km/h,SPP,ME - Men Elite,253 km,GT.A.Stage,Na,Na,Na,Na,Nancy,Spa,n/a,1716,? - let us know!,Na
11,1962,Stage 1 | Nancy - Spa,ANQUETIL Jacques,23793,24 June 1962,-,38.28 km/h,SPP,ME - Men Elite,253 km,GT.A.Stage,Na,Na,Na,Na,Nancy,Spa,n/a,1716,? - let us know!,Na
12,1962,Stage 1 | Nancy - Spa,RONCHINI Diego,23793,24 June 1962,-,38.28 km/h,SPP,ME - Men Elite,253 km,GT.A.Stage,Na,Na,Na,Na,Nancy,Spa,n/a,1716,? - let us know!,Na
13,1962,Stage 1 | Nancy - Spa,NENCINI Gastone,23793,24 June 1962,-,38.28 km/h,SPP,ME - Men Elite,253 km,GT.A.Stage,Na,Na,Na,Na,Nancy,Spa,n/a,1716,? - let us know!,Na
14,1962,Stage 1 | Nancy - Spa,BALDINI Ercole,23793,24 June 1962,-,38.28 km/h,SPP,ME - Men Elite,253 km,GT.A.Stage,Na,Na,Na,Na,Nancy,Spa,n/a,1716,? - let us know!,Na
15,1962,Stage 1 | Nancy - Spa,PLANCKAERT Joseph,23793,24 June 1962,-,38.28 km/h,SPP,ME - Men Elite,253 km,GT.A.Stage,Na,Na,Na,Na,Nancy,Spa,n/a,1716,? - let us know!,Na
16,1962,Stage 1 | Nancy - Spa,ANGLADE Henry,23793,24 June 1962,-,38.28 km/h,SPP,ME - Men Elite,253 km,GT.A.Stage,Na,Na,Na,Na,Nancy,Spa,n/a,1716,? - let us know!,Na
17,1962,Stage 1 | Nancy - Spa,MASSIGNAN Imerio,23793,24 June 1962,-,38.28 km/h,SPP,ME - Men Elite,253 km,GT.A.Stage,Na,Na,Na,Na,Nancy,Spa,n/a,1716,? - let us know!,Na
18,1962,Stage 1 | Nancy - Spa,DEFILIPPIS Nino,23793,24 June 1962,-,38.28 km/h,SPP,ME - Men Elite,253 km,GT.A.Stage,Na,Na,Na,Na,Nancy,Spa,n/a,1716,? - let us know!,Na
19,1962,Stage 1 | Nancy - Spa,GELDERMANS Albertus,23793,24 June 1962,-,38.28 km/h,SPP,ME - Men Elite,253 km,GT.A.Stage,Na,Na,Na,Na,Nancy,Spa,n/a,1716,? - let us know!,Na
20,1962,Stage 1 | Nancy - Spa,SUÁREZ Antonio,23793,24 June 1962,-,38.28 km/h,SPP,ME - Men Elite,253 km,GT.A.Stage,Na,Na,Na,Na,Nancy,Spa,n/a,1716,? - let us know!,Na
21,1962,Stage 1 | Nancy - Spa,STOLKER Michel,23793,24 June 1962,-,38.28 km/h,SPP,ME - Men Elite,253 km,GT.A.Stage,Na,Na,Na,Na,Nancy,Spa,n/a,1716,? - let us know!,Na
22,1962,Stage 1 | Nancy - Spa,DESMET Armand,23793,24 June 1962,-,38.28 km/h,SPP,ME - Men Elite,253 km,GT.A.Stage,Na,Na,Na,Na,Nancy,Spa,n/a,1716,? - let us know!,Na
23,1962,Stage 1 | Nancy - Spa,VAN AERDE Michel,23901,24 June 1962,-,38.28 km/h,SPP,ME - Men Elite,253 km,GT.A.Stage,Na,Na,Na,Na,Nancy,Spa,n/a,1716,? - let us know!,Na
24,1962,Stage 1 | Nancy - Spa,CLAES Jean-Baptiste,23901,24 June 1962,-,38.28 km/h,SPP,ME - Men Elite,253 km,GT.A.Stage,Na,Na,Na,Na,Nancy,Spa,n/a,1716,? - let us know!,Na
25,1962,Stage 1 | Nancy - Spa,VANNITSEN Willy,23901,24 June 1962,-,38.28 km/h,SPP,ME - Men Elite,253 km,GT.A.Stage,Na,Na,Na,Na,Nancy,Spa,n/a,1716,? - let us know!,Na
26,1962,Stage 1 | Nancy - Spa,GAUL Charly,23901,24 June 1962,-,38.28 km/h,SPP,ME - Men Elite,253 km,GT.A.Stage,Na,Na,Na,Na,Nancy,Spa,n/a,1716,? - let us know!,Na
27,1962,Stage 1 | Nancy - Spa,STABLINSKI Jean,23901,24 June 1962,-,38.28 km/h,SPP,ME - Men Elite,253 km,GT.A.Stage,Na,Na,Na,Na,Nancy,Spa,n/a,1716,? - let us know!,Na
28,1962,Stage 1 | Nancy - Spa,MAHÉ François,23953,24 June 1962,-,38.28 km/h,SPP,ME - Men Elite,253 km,GT.A.Stage,Na,Na,Na,Na,Nancy,Spa,n/a,1716,? - let us know!,Na
29,1962,Stage 1 | Nancy - Spa,SCHROEDERS Willy,23953,24 June 1962,-,38.28 km/h,SPP,ME - Men Elite,253 km,GT.A.Stage,Na,Na,Na,Na,Nancy,Spa,n/a,1716,? - let us know!,Na
30,1962,Stage 1 | Nancy - Spa,DE MULDER Frans,23953,24 June 1962,-,38.28 km/h,SPP,ME - Men Elite,253 km,GT.A.Stage,Na,Na,Na,Na,Nancy,Spa,n/a,1716,? - let us know!,Na
31,1962,Stage 1 | Nancy - Spa,ADORNI Vittorio,24030,24 June 1962,-,38.28 km/h,SPP,ME - Men Elite,253 km,GT.A.Stage,Na,Na,Na,Na,Nancy,Spa,n/a,1716,? - let us know!,Na
32,1962,Stage 1 | Nancy - Spa,DELBERGHE Edouard,24092,24 June 1962,-,38.28 km/h,SPP,ME - Men Elite,253 km,GT.A.Stage,Na,Na,Na,Na,Nancy,Spa,n/a,1716,? - let us know!,Na
33,1962,Stage 1 | Nancy - Spa,GROUSSARD Georges,24127,24 June 1962,-,38.28 km/h,SPP,ME - Men Elite,253 km,GT.A.Stage,Na,Na,Na,Na,Nancy,Spa,n/a,1716,? - let us know!,Na
34,1962,Stage 1 | Nancy - Spa,BAENS Roger,24252,24 June 1962,-,38.28 km/h,SPP,ME - Men Elite,253 km,GT.A.Stage,Na,Na,Na,Na,Nancy,Spa,n/a,1716,? - let us know!,Na
35,1962,Stage 1 | Nancy - Spa,BAHAMONTES Federico,24255,24 June 1962,-,38.28 km/h,SPP,ME - Men Elite,253 km,GT.A.Stage,Na,Na,Na,Na,Nancy,Spa,n/a,1716,? - let us know!,Na
36,1962,Stage 1 | Nancy - Spa,CAMPILLO Juan,24255,24 June 1962,-,38.28 km/h,SPP,ME - Men Elite,253 km,GT.A.Stage,Na,Na,Na,Na,Nancy,Spa,n/a,1716,? - let us know!,Na
37,1962,Stage 1 | Nancy - Spa,SORGELOOS Edgard,24284,24 June 1962,-,38.28 km/h,SPP,ME - Men Elite,253 km,GT.A.Stage,Na,Na,Na,Na,Nancy,Spa,n/a,1716,? - let us know!,Na
38,1962,Stage 1 | Nancy - Spa,MALIEPAARD Bas,24284,24 June 1962,-,38.28 km/h,SPP,ME - Men Elite,253 km,GT.A.Stage,Na,Na,Na,Na,Nancy,Spa,n/a,1716,? - let us know!,Na
39,1962,Stage 1 | Nancy - Spa,DI MARIA Arnaldo,24284,24 June 1962,-,38.28 km/h,SPP,ME - Men Elite,253 km,GT.A.Stage,Na,Na,Na,Na,Nancy,Spa,n/a,1716,? - let us know!,Na
40,1962,Stage 1 | Nancy - Spa,DOOM Daniel,24284,24 June 1962,-,38.28 km/h,SPP,ME - Men Elite,253 km,GT.A.Stage,Na,Na,Na,Na,Nancy,Spa,n/a,1716,? - let us know!,Na
41,1962,Stage 1 | Nancy - Spa,SOLER Angelino,24284,24 June 1962,-,38.28 km/h,SPP,ME - Men Elite,253 km,GT.A.Stage,Na,Na,Na,Na,Nancy,Spa,n/a,1716,? - let us know!,Na
42,1962,Stage 1 | Nancy - Spa,GENTINA Giancarlo,24284,24 June 1962,-,38.28 km/h,SPP,ME - Men Elite,253 km,GT.A.Stage,Na,Na,Na,Na,Nancy,Spa,n/a,1716,? - let us know!,Na
43,1962,Stage 1 | Nancy - Spa,MESSELIS André,24284,24 June 1962,-,38.28 km/h,SPP,ME - Men Elite,253 km,GT.A.Stage,Na,Na,Na,Na,Nancy,Spa,n/a,1716,? - let us know!,Na
44,1962,Stage 1 | Nancy - Spa,VAN TONGERLOO Guillaume,24284,24 June 1962,-,38.28 km/h,SPP,ME - Men Elite,253 km,GT.A.Stage,Na,Na,Na,Na,Nancy,Spa,n/a,1716,? - let us know!,Na
45,1962,Stage 1 | Nancy - Spa,MASTROTTO Raymond,24284,24 June 1962,-,38.28 km/h,SPP,ME - Men Elite,253 km,GT.A.Stage,Na,Na,Na,Na,Nancy,Spa,n/a,1716,? - let us know!,Na
46,1962,Stage 1 | Nancy - Spa,ERNZER Marcel,24284,24 June 1962,-,38.28 km/h,SPP,ME - Men Elite,253 km,GT.A.Stage,Na,Na,Na,Na,Nancy,Spa,n/a,1716,? - let us know!,Na
47,1962,Stage 1 | Nancy - Spa,GROUSSARD Joseph,24284,24 June 1962,-,38.28 km/h,SPP,ME - Men Elite,253 km,GT.A.Stage,Na,Na,Na,Na,Nancy,Spa,n/a,1716,? - let us know!,Na
48,1962,Stage 1 | Nancy - Spa,GAINCHE Jean,24284,24 June 1962,-,38.28 km/h,SPP,ME - Men Elite,253 km,GT.A.Stage,Na,Na,Na,Na,Nancy,Spa,n/a,1716,? - let us know!,Na
49,1962,Stage 1 | Nancy - Spa,ZILVERBERG Huub,24284,24 June 1962,-,38.28 km/h,SPP,ME - Men Elite,253 km,GT.A.Stage,Na,Na,Na,Na,Nancy,Spa,n/a,1716,? - let us know!,Na
50,1962,Stage 1 | Nancy - Spa,DE SMET Gilbert,24284,24 June 1962,-,38.28 km/h,SPP,ME - Men Elite,253 km,GT.A.Stage,Na,Na,Na,Na,Nancy,Spa,n/a,1716,? - let us know!,Na
51,1962,Stage 1 | Nancy - Spa,FERRER Hubert,24284,24 June 1962,-,38.28 km/h,SPP,ME - Men Elite,253 km,GT.A.Stage,Na,Na,Na,Na,Nancy,Spa,n/a,1716,? - let us know!,Na
52,1962,Stage 1 | Nancy - Spa,CERAMI Pino,24284,24 June 1962,-,38.28 km/h,SPP,ME - Men Elite,253 km,GT.A.Stage,Na,Na,Na,Na,Nancy,Spa,n/a,1716,? - let us know!,Na
53,1962,Stage 1 | Nancy - Spa,RAMSBOTTOM Alan,24284,24 June 1962,-,38.28 km/h,SPP,ME - Men Elite,253 km,GT.A.Stage,Na,Na,Na,Na,Nancy,Spa,n/a,1716,? - let us know!,Na
54,1962,Stage 1 | Nancy - Spa,LEBAUBE Jean-Claude,24284,24 June 1962,-,38.28 km/h,SPP,ME - Men Elite,253 km,GT.A.Stage,Na,Na,Na,Na,Nancy,Spa,n/a,1716,? - let us know!,Na
55,1962,Stage 1 | Nancy - Spa,THIÉLIN Gérard,24284,24 June 1962,-,38.28 km/h,SPP,ME - Men Elite,253 km,GT.A.Stage,Na,Na,Na,Na,Nancy,Spa,n/a,1716,? - let us know!,Na
56,1962,Stage 1 | Nancy - Spa,MILESI Jean,24284,24 June 1962,-,38.28 km/h,SPP,ME - Men Elite,253 km,GT.A.Stage,Na,Na,Na,Na,Nancy,Spa,n/a,1716,? - let us know!,Na
57,1962,Stage 1 | Nancy - Spa,CAZALA Robert,24284,24 June 1962,-,38.28 km/h,SPP,ME - Men Elite,253 km,GT.A.Stage,Na,Na,Na,Na,Nancy,Spa,n/a,1716,? - let us know!,Na
58,1962,Stage 1 | Nancy - Spa,VANDEN BERGHEN Willy,24284,24 June 1962,-,38.28 km/h,SPP,ME - Men Elite,253 km,GT.A.Stage,Na,Na,Na,Na,Nancy,Spa,n/a,1716,? - let us know!,Na
59,1962,Stage 1 | Nancy - Spa,ONGENAE Marcel,24284,24 June 1962,-,38.28 km/h,SPP,ME - Men Elite,253 km,GT.A.Stage,Na,Na,Na,Na,Nancy,Spa,n/a,1716,? - let us know!,Na
60,1962,Stage 1 | Nancy - Spa,ANNAERT Jean-Claude,24284,24 June 1962,-,38.28 km/h,SPP,ME - Men Elite,253 km,GT.A.Stage,Na,Na,Na,Na,Nancy,Spa,n/a,1716,? - let us know!,Na
61,1962,Stage 1 | Nancy - Spa,EVERAERT Pierre,24284,24 June 1962,-,38.28 km/h,SPP,ME - Men Elite,253 km,GT.A.Stage,Na,Na,Na,Na,Nancy,Spa,n/a,1716,? - let us know!,Na
62,1962,Stage 1 | Nancy - Spa,POULIDOR Raymond,24284,24 June 1962,-,38.28 km/h,SPP,ME - Men Elite,253 km,GT.A.Stage,Na,Na,Na,Na,Nancy,Spa,n/a,1716,? - let us know!,Na
63,1962,Stage 1 | Nancy - Spa,ROSTOLLAN Louis,24284,24 June 1962,-,38.28 km/h,SPP,ME - Men Elite,253 km,GT.A.Stage,Na,Na,Na,Na,Nancy,Spa,n/a,1716,? - let us know!,Na
64,1962,Stage 1 | Nancy - Spa,PAUWELS Eddy,24284,24 June 1962,-,38.28 km/h,SPP,ME - Men Elite,253 km,GT.A.Stage,Na,Na,Na,Na,Nancy,Spa,n/a,1716,? - let us know!,Na
65,1962,Stage 1 | Nancy - Spa,SARTORE Giuseppe,24284,24 June 1962,-,38.28 km/h,SPP,ME - Men Elite,253 km,GT.A.Stage,Na,Na,Na,Na,Nancy,Spa,n/a,1716,? - let us know!,Na
66,1962,Stage 1 | Nancy - Spa,AZZINI Carlo,24284,24 June 1962,-,38.28 km/h,SPP,ME - Men Elite,253 km,GT.A.Stage,Na,Na,Na,Na,Nancy,Spa,n/a,1716,? - let us know!,Na
67,1962,Stage 1 | Nancy - Spa,PUSCHEL Dieter,24284,24 June 1962,-,38.28 km/h,SPP,ME - Men Elite,253 km,GT.A.Stage,Na,Na,Na,Na,Nancy,Spa,n/a,1716,? - let us know!,Na
68,1962,Stage 1 | Nancy - Spa,MATTIO Claude,24284,24 June 1962,-,38.28 km/h,SPP,ME - Men Elite,253 km,GT.A.Stage,Na,Na,Na,Na,Nancy,Spa,n/a,1716,? - let us know!,Na
69,1962,Stage 1 | Nancy - Spa,FORESTIER Jean,24284,24 June 1962,-,38.28 km/h,SPP,ME - Men Elite,253 km,GT.A.Stage,Na,Na,Na,Na,Nancy,Spa,n/a,1716,? - let us know!,Na
70,1962,Stage 1 | Nancy - Spa,BEUFFEUIL Pierre,24458,24 June 1962,-,38.28 km/h,SPP,ME - Men Elite,253 km,GT.A.Stage,Na,Na,Na,Na,Nancy,Spa,n/a,1716,? - let us know!,Na
71,1962,Stage 1 | Nancy - Spa,FOUCHER André,24478,24 June 1962,-,38.28 km/h,SPP,ME - Men Elite,253 km,GT.A.Stage,Na,Na,Na,Na,Nancy,Spa,n/a,1716,? - let us know!,Na
72,1962,Stage 1 | Nancy - Spa,WOLFSHOHL Rolf,24589,24 June 1962,-,38.28 km/h,SPP,ME - Men Elite,253 km,GT.A.Stage,Na,Na,Na,Na,Nancy,Spa,n/a,1716,? - let us know!,Na
73,1962,Stage 1 | Nancy - Spa,COUVREUR Hilaire,24593,24 June 1962,-,38.28 km/h,SPP,ME - Men Elite,253 km,GT.A.Stage,Na,Na,Na,Na,Nancy,Spa,n/a,1716,? - let us know!,Na
74,1962,Stage 1 | Nancy - Spa,BENEDETTI Rino,24593,24 June 1962,-,38.28 km/h,SPP,ME - Men Elite,253 km,GT.A.Stage,Na,Na,Na,Na,Nancy,Spa,n/a,1716,? - let us know!,Na
75,1962,Stage 1 | Nancy - Spa,PAMBIANCO Arnaldo,24593,24 June 1962,-,38.28 km/h,SPP,ME - Men Elite,253 km,GT.A.Stage,Na,Na,Na,Na,Nancy,Spa,n/a,1716,? - let us know!,Na
76,1962,Stage 1 | Nancy - Spa,VAN SCHIL Victor,24593,24 June 1962,-,38.28 km/h,SPP,ME - Men Elite,253 km,GT.A.Stage,Na,Na,Na,Na,Nancy,Spa,n/a,1716,? - let us know!,Na
77,1962,Stage 1 | Nancy - Spa,THOMIN Joseph,24593,24 June 1962,-,38.28 km/h,SPP,ME - Men Elite,253 km,GT.A.Stage,Na,Na,Na,Na,Nancy,Spa,n/a,1716,? - let us know!,Na
78,1962,Stage 1 | Nancy - Spa,GRACZYK Jean,24593,24 June 1962,-,38.28 km/h,SPP,ME - Men Elite,253 km,GT.A.Stage,Na,Na,Na,Na,Nancy,Spa,n/a,1716,? - let us know!,Na
79,1962,Stage 1 | Nancy - Spa,BRUGNAMI Carlo,24593,24 June 1962,-,38.28 km/h,SPP,ME - Men Elite,253 km,GT.A.Stage,Na,Na,Na,Na,Nancy,Spa,n/a,1716,? - let us know!,Na
80,1962,Stage 1 | Nancy - Spa,CESTARI Aurelio,24593,24 June 1962,-,38.28 km/h,SPP,ME - Men Elite,253 km,GT.A.Stage,Na,Na,Na,Na,Nancy,Spa,n/a,1716,? - let us know!,Na
81,1962,Stage 1 | Nancy - Spa,FOURNIER René,24593,24 June 1962,-,38.28 km/h,SPP,ME - Men Elite,253 km,GT.A.Stage,Na,Na,Na,Na,Nancy,Spa,n/a,1716,? - let us know!,Na
82,1962,Stage 1 | Nancy - Spa,FALASCHI Roberto,24593,24 June 1962,-,38.28 km/h,SPP,ME - Men Elite,253 km,GT.A.Stage,Na,Na,Na,Na,Nancy,Spa,n/a,1716,? - let us know!,Na
83,1962,Stage 1 | Nancy - Spa,BARALE Germano,24593,24 June 1962,-,38.28 km/h,SPP,ME - Men Elite,253 km,GT.A.Stage,Na,Na,Na,Na,Nancy,Spa,n/a,1716,? - let us know!,Na
84,1962,Stage 1 | Nancy - Spa,VELUCCHI Nello,24593,24 June 1962,-,38.28 km/h,SPP,ME - Men Elite,253 km,GT.A.Stage,Na,Na,Na,Na,Nancy,Spa,n/a,1716,? - let us know!,Na
85,1962,Stage 1 | Nancy - Spa,NOVAK Anatole,24593,24 June 1962,-,38.28 km/h,SPP,ME - Men Elite,253 km,GT.A.Stage,Na,Na,Na,Na,Nancy,Spa,n/a,1716,? - let us know!,Na
86,1962,Stage 1 | Nancy - Spa,LE LAN Jean,24593,24 June 1962,-,38.28 km/h,SPP,ME - Men Elite,253 km,GT.A.Stage,Na,Na,Na,Na,Nancy,Spa,n/a,1716,? - let us know!,Na
87,1962,Stage 1 | Nancy - Spa,BAILETTI Antonio,24593,24 June 1962,-,38.28 km/h,SPP,ME - Men Elite,253 km,GT.A.Stage,Na,Na,Na,Na,Nancy,Spa,n/a,1716,? - let us know!,Na
88,1962,Stage 1 | Nancy - Spa,CHIARINI Vittorio,24593,24 June 1962,-,38.28 km/h,SPP,ME - Men Elite,253 km,GT.A.Stage,Na,Na,Na,Na,Nancy,Spa,n/a,1716,? - let us know!,Na
89,1962,Stage 1 | Nancy - Spa,ROHRBACH Marcel,24593,24 June 1962,-,38.28 km/h,SPP,ME - Men Elite,253 km,GT.A.Stage,Na,Na,Na,Na,Nancy,Spa,n/a,1716,? - let us know!,Na
90,1962,Stage 1 | Nancy - Spa,MAZZACURATI Italo,24593,24 June 1962,-,38.28 km/h,SPP,ME - Men Elite,253 km,GT.A.Stage,Na,Na,Na,Na,Nancy,Spa,n/a,1716,? - let us know!,Na
91,1962,Stage 1 | Nancy - Spa,DUCARD Robert,24593,24 June 1962,-,38.28 km/h,SPP,ME - Men Elite,253 km,GT.A.Stage,Na,Na,Na,Na,Nancy,Spa,n/a,1716,? - let us know!,Na
92,1962,Stage 1 | Nancy - Spa,RUBY Pierre,24593,24 June 1962,-,38.28 km/h,SPP,ME - Men Elite,253 km,GT.A.Stage,Na,Na,Na,Na,Nancy,Spa,n/a,1716,? - let us know!,Na
93,1962,Stage 1 | Nancy - Spa,BAFFI Pierino,24593,24 June 1962,-,38.28 km/h,SPP,ME - Men Elite,253 km,GT.A.Stage,Na,Na,Na,Na,Nancy,Spa,n/a,1716,? - let us know!,Na
94,1962,Stage 1 | Nancy - Spa,ASSIRELLI Alberto,24593,24 June 1962,-,38.28 km/h,SPP,ME - Men Elite,253 km,GT.A.Stage,Na,Na,Na,Na,Nancy,Spa,n/a,1716,? - let us know!,Na
95,1962,Stage 1 | Nancy - Spa,BONI Guido,24593,24 June 1962,-,38.28 km/h,SPP,ME - Men Elite,253 km,GT.A.Stage,Na,Na,Na,Na,Nancy,Spa,n/a,1716,? - let us know!,Na
96,1962,Stage 1 | Nancy - Spa,ENTHOVEN Dick,24593,24 June 1962,-,38.28 km/h,SPP,ME - Men Elite,253 km,GT.A.Stage,Na,Na,Na,Na,Nancy,Spa,n/a,1716,? - let us know!,Na
97,1962,Stage 1 | Nancy - Spa,FONTONA Renzo,24593,24 June 1962,-,38.28 km/h,SPP,ME - Men Elite,253 km,GT.A.Stage,Na,Na,Na,Na,Nancy,Spa,n/a,1716,? - let us know!,Na
98,1962,Stage 1 | Nancy - Spa,MARTINATO Bruno,24669,24 June 1962,-,38.28 km/h,SPP,ME - Men Elite,253 km,GT.A.Stage,Na,Na,Na,Na,Nancy,Spa,n/a,1716,? - let us know!,Na
99,1962,Stage 1 | Nancy - Spa,ABADIE René,24771,24 June 1962,-,38.28 km/h,SPP,ME - Men Elite,253 km,GT.A.Stage,Na,Na,Na,Na,Nancy,Spa,n/a,1716,? - let us know!,Na
100,1962,Stage 1 | Nancy - Spa,MIELE Francesco,24771,24 June 1962,-,38.28 km/h,SPP,ME - Men Elite,253 km,GT.A.Stage,Na,Na,Na,Na,Nancy,Spa,n/a,1716,? - let us know!,Na
101,1962,Stage 1 | Nancy - Spa,DE MIDDELEIR Robert,24791,24 June 1962,-,38.28 km/h,SPP,ME - Men Elite,253 km,GT.A.Stage,Na,Na,Na,Na,Nancy,Spa,n/a,1716,? - let us know!,Na
102,1962,Stage 1 | Nancy - Spa,CIACCI Catullo,24964,24 June 1962,-,38.28 km/h,SPP,ME - Men Elite,253 km,GT.A.Stage,Na,Na,Na,Na,Nancy,Spa,n/a,1716,? - let us know!,Na
103,1962,Stage 1 | Nancy - Spa,MELCKENBEECK Frans,25132,24 June 1962,-,38.28 km/h,SPP,ME - Men Elite,253 km,GT.A.Stage,Na,Na,Na,Na,Nancy,Spa,n/a,1716,? - let us know!,Na
104,1962,Stage 1 | Nancy - Spa,ELENA Raymond,25132,24 June 1962,-,38.28 km/h,SPP,ME - Men Elite,253 km,GT.A.Stage,Na,Na,Na,Na,Nancy,Spa,n/a,1716,? - let us know!,Na
105,1962,Stage 1 | Nancy - Spa,CIOLLI Emilio,25132,24 June 1962,-,38.28 km/h,SPP,ME - Men Elite,253 km,GT.A.Stage,Na,Na,Na,Na,Nancy,Spa,n/a,1716,? - let us know!,Na
106,1962,Stage 1 | Nancy - Spa,GOASDUFF François,25132,24 June 1962,-,38.28 km/h,SPP,ME - Men Elite,253 km,GT.A.Stage,Na,Na,Na,Na,Nancy,Spa,n/a,1716,? - let us know!,Na
107,1962,Stage 1 | Nancy - Spa,GALVANIN Tiziano,25132,24 June 1962,-,38.28 km/h,SPP,ME - Men Elite,253 km,GT.A.Stage,Na,Na,Na,Na,Nancy,Spa,n/a,1716,? - let us know!,Na
108,1962,Stage 1 | Nancy - Spa,ZANCANARO Giorgio,25132,24 June 1962,-,38.28 km/h,SPP,ME - Men Elite,253 km,GT.A.Stage,Na,Na,Na,Na,Nancy,Spa,n/a,1716,? - let us know!,Na
109,1962,Stage 1 | Nancy - Spa,RIMESSI Alessandro,25132,24 June 1962,-,38.28 km/h,SPP,ME - Men Elite,253 km,GT.A.Stage,Na,Na,Na,Na,Nancy,Spa,n/a,1716,? - let us know!,Na
110,1962,Stage 1 | Nancy - Spa,SABBADIN Alfredo,25132,24 June 1962,-,38.28 km/h,SPP,ME - Men Elite,253 km,GT.A.Stage,Na,Na,Na,Na,Nancy,Spa,n/a,1716,? - let us know!,Na
111,1962,Stage 1 | Nancy - Spa,CARRARA Joseph,25132,24 June 1962,-,38.28 km/h,SPP,ME - Men Elite,253 km,GT.A.Stage,Na,Na,Na,Na,Nancy,Spa,n/a,1716,? - let us know!,Na
112,1962,Stage 1 | Nancy - Spa,IGNOLIN Guy,25132,24 June 1962,-,38.28 km/h,SPP,ME - Men Elite,253 km,GT.A.Stage,Na,Na,Na,Na,Nancy,Spa,n/a,1716,? - let us know!,Na
113,1962,Stage 1 | Nancy - Spa,LACH Stéphane,25132,24 June 1962,-,38.28 km/h,SPP,ME - Men Elite,253 km,GT.A.Stage,Na,Na,Na,Na,Nancy,Spa,n/a,1716,? - let us know!,Na
114,1962,Stage 1 | Nancy - Spa,MANZONI Giancarlo,25132,24 June 1962,-,38.28 km/h,SPP,ME - Men Elite,253 km,GT.A.Stage,Na,Na,Na,Na,Nancy,Spa,n/a,1716,? - let us know!,Na
115,1962,Stage 1 | Nancy - Spa,DUEZ Henri,25132,24 June 1962,-,38.28 km/h,SPP,ME - Men Elite,253 km,GT.A.Stage,Na,Na,Na,Na,Nancy,Spa,n/a,1716,? - let us know!,Na
116,1962,Stage 1 | Nancy - Spa,SELIC Jean,25132,24 June 1962,-,38.28 km/h,SPP,ME - Men Elite,253 km,GT.A.Stage,Na,Na,Na,Na,Nancy,Spa,n/a,1716,? - let us know!,Na
117,1962,Stage 1 | Nancy - Spa,BOUVET Albert,25132,24 June 1962,-,38.28 km/h,SPP,ME - Men Elite,253 km,GT.A.Stage,Na,Na,Na,Na,Nancy,Spa,n/a,1716,? - let us know!,Na
118,1962,Stage 1 | Nancy - Spa,PICOT Fernand,25132,24 June 1962,-,38.28 km/h,SPP,ME - Men Elite,253 km,GT.A.Stage,Na,Na,Na,Na,Nancy,Spa,n/a,1716,? - let us know!,Na
119,1962,Stage 1 | Nancy - Spa,LEFEBVRE Jean-Claude,25132,24 June 1962,-,38.28 km/h,SPP,ME - Men Elite,253 km,GT.A.Stage,Na,Na,Na,Na,Nancy,Spa,n/a,1716,? - let us know!,Na
120,1962,Stage 1 | Nancy - Spa,BRUNI Dino,25132,24 June 1962,-,38.28 km/h,SPP,ME - Men Elite,253 km,GT.A.Stage,Na,Na,Na,Na,Nancy,Spa,n/a,1716,? - let us know!,Na
121,1962,Stage 1 | Nancy - Spa,MARCALETTI Augusto,25132,24 June 1962,-,38.28 km/h,SPP,ME - Men Elite,253 km,GT.A.Stage,Na,Na,Na,Na,Nancy,Spa,n/a,1716,? - let us know!,Na
122,1962,Stage 1 | Nancy - Spa,DECABOOTER Arthur,25132,24 June 1962,-,38.28 km/h,SPP,ME - Men Elite,253 km,GT.A.Stage,Na,Na,Na,Na,Nancy,Spa,n/a,1716,? - let us know!,Na
123,1962,Stage 1 | Nancy - Spa,SCHOUBBEN Frans,25132,24 June 1962,-,38.28 km/h,SPP,ME - Men Elite,253 km,GT.A.Stage,Na,Na,Na,Na,Nancy,Spa,n/a,1716,? - let us know!,Na
124,1962,Stage 1 | Nancy - Spa,VELLY Joseph,25132,24 June 1962,-,38.28 km/h,SPP,ME - Men Elite,253 km,GT.A.Stage,Na,Na,Na,Na,Nancy,Spa,n/a,1716,? - let us know!,Na
125,1962,Stage 1 | Nancy - Spa,RUBAGOTTI Fedele,25132,24 June 1962,-,38.28 km/h,SPP,ME - Men Elite,253 km,GT.A.Stage,Na,Na,Na,Na,Nancy,Spa,n/a,1716,? - let us know!,Na
126,1962,Stage 1 | Nancy - Spa,NOVALES Joseph,25132,24 June 1962,-,38.28 km/h,SPP,ME - Men Elite,253 km,GT.A.Stage,Na,Na,Na,Na,Nancy,Spa,n/a,1716,? - let us know!,Na
127,1962,Stage 1 | Nancy - Spa,ALOMAR Jaime,25132,24 June 1962,-,38.28 km/h,SPP,ME - Men Elite,253 km,GT.A.Stage,Na,Na,Na,Na,Nancy,Spa,n/a,1716,? - let us know!,Na
128,1962,Stage 1 | Nancy - Spa,MINIERI Mario,25132,24 June 1962,-,38.28 km/h,SPP,ME - Men Elite,253 km,GT.A.Stage,Na,Na,Na,Na,Nancy,Spa,n/a,1716,? - let us know!,Na
129,1962,Stage 1 | Nancy - Spa,SARTI Luigi,25132,24 June 1962,-,38.28 km/h,SPP,ME - Men Elite,253 km,GT.A.Stage,Na,Na,Na,Na,Nancy,Spa,n/a,1716,? - let us know!,Na
130,1962,Stage 1 | Nancy - Spa,DOTTO Jean,25132,24 June 1962,-,38.28 km/h,SPP,ME - Men Elite,253 km,GT.A.Stage,Na,Na,Na,Na,Nancy,Spa,n/a,1716,? - let us know!,Na
131,1962,Stage 1 | Nancy - Spa,GUARGUAGLINI Carlo,25132,24 June 1962,-,38.28 km/h,SPP,ME - Men Elite,253 km,GT.A.Stage,Na,Na,Na,Na,Nancy,Spa,n/a,1716,? - let us know!,Na
132,1962,Stage 1 | Nancy - Spa,BUSTO Emmanuel,25132,24 June 1962,-,38.28 km/h,SPP,ME - Men Elite,253 km,GT.A.Stage,Na,Na,Na,Na,Nancy,Spa,n/a,1716,? - let us know!,Na
133,1962,Stage 1 | Nancy - Spa,HUIART Marc,25132,24 June 1962,-,38.28 km/h,SPP,ME - Men Elite,253 km,GT.A.Stage,Na,Na,Na,Na,Nancy,Spa,n/a,1716,? - let us know!,Na
134,1962,Stage 1 | Nancy - Spa,BIHOUÉE Edouard,25132,24 June 1962,-,38.28 km/h,SPP,ME - Men Elite,253 km,GT.A.Stage,Na,Na,Na,Na,Nancy,Spa,n/a,1716,? - let us know!,Na
135,1962,Stage 1 | Nancy - Spa,BETTINELLI Giovanni,25132,24 June 1962,-,38.28 km/h,SPP,ME - Men Elite,253 km,GT.A.Stage,Na,Na,Na,Na,Nancy,Spa,n/a,1716,? - let us know!,Na
136,1962,Stage 1 | Nancy - Spa,DANTE Giuseppe,25253,24 June 1962,-,38.28 km/h,SPP,ME - Men Elite,253 km,GT.A.Stage,Na,Na,Na,Na,Nancy,Spa,n/a,1716,? - let us know!,Na
137,1962,Stage 1 | Nancy - Spa,CERVELLINI Sandro,25273,24 June 1962,-,38.28 km/h,SPP,ME - Men Elite,253 km,GT.A.Stage,Na,Na,Na,Na,Nancy,Spa,n/a,1716,? - let us know!,Na
138,1962,Stage 1 | Nancy - Spa,VERMEULIN Michel,25577,24 June 1962,-,38.28 km/h,SPP,ME - Men Elite,253 km,GT.A.Stage,Na,Na,Na,Na,Nancy,Spa,n/a,1716,? - let us know!,Na
139,1962,Stage 1 | Nancy - Spa,COGLIATI Ottavio,25577,24 June 1962,-,38.28 km/h,SPP,ME - Men Elite,253 km,GT.A.Stage,Na,Na,Na,Na,Nancy,Spa,n/a,1716,? - let us know!,Na
140,1962,Stage 1 | Nancy - Spa,MAGNI Oreste,25577,24 June 1962,-,38.28 km/h,SPP,ME - Men Elite,253 km,GT.A.Stage,Na,Na,Na,Na,Nancy,Spa,n/a,1716,? - let us know!,Na
141,1962,Stage 1 | Nancy - Spa,DE BOEVER Jaak,25577,24 June 1962,-,38.28 km/h,SPP,ME - Men Elite,253 km,GT.A.Stage,Na,Na,Na,Na,Nancy,Spa,n/a,1716,? - let us know!,Na
142,1962,Stage 1 | Nancy - Spa,ZORZI Giuseppe,25577,24 June 1962,-,38.28 km/h,SPP,ME - Men Elite,253 km,GT.A.Stage,Na,Na,Na,Na,Nancy,Spa,n/a,1716,? - let us know!,Na
143,1962,Stage 1 | Nancy - Spa,MAGNANI Franco,25577,24 June 1962,-,38.28 km/h,SPP,ME - Men Elite,253 km,GT.A.Stage,Na,Na,Na,Na,Nancy,Spa,n/a,1716,? - let us know!,Na
144,1962,Stage 1 | Nancy - Spa,TONUCCI Giuseppe,25577,24 June 1962,-,38.28 km/h,SPP,ME - Men Elite,253 km,GT.A.Stage,Na,Na,Na,Na,Nancy,Spa,n/a,1716,? - let us know!,Na
145,1962,Stage 1 | Nancy - Spa,ZANCHI Mario,25577,24 June 1962,-,38.28 km/h,SPP,ME - Men Elite,253 km,GT.A.Stage,Na,Na,Na,Na,Nancy,Spa,n/a,1716,? - let us know!,Na
146,1962,Stage 1 | Nancy - Spa,VIOT Bernard,26273,24 June 1962,-,38.28 km/h,SPP,ME - Men Elite,253 km,GT.A.Stage,Na,Na,Na,Na,Nancy,Spa,n/a,1716,? - let us know!,Na
147,1962,Stage 1 | Nancy - Spa,MELE Luigi,-,24 June 1962,-,38.28 km/h,SPP,ME - Men Elite,253 km,GT.A.Stage,Na,Na,Na,Na,Nancy,Spa,n/a,1716,? - let us know!,Na
148,1962,Stage 1 | Nancy - Spa,MORESI Attilio,-,24 June 1962,-,38.28 km/h,SPP,ME - Men Elite,253 km,GT.A.Stage,Na,Na,Na,Na,Nancy,Spa,n/a,1716,? - let us know!,Na
149,1962,Stage 1 | Nancy - Spa,BATTISTINI Graziano,-,24 June 1962,-,38.28 km/h,SPP,ME - Men Elite,253 km,GT.A.Stage,Na,Na,Na,Na,Nancy,Spa,n/a,1716,? - let us know!,Na
0,1962,Stage 2a | Spa - Herentals,DARRIGADE André,13248,25 June 1962,-,39.95 km/h,SPP,ME - Men Elite,147 km,GT.A.Stage,Na,Na,Na,Na,Spa,Herentals,n/a,1716,Sprint of large group,Na
1,1962,Stage 2a | Spa - Herentals,MELCKENBEECK Frans,13248,25 June 1962,-,39.95 km/h,SPP,ME - Men Elite,147 km,GT.A.Stage,Na,Na,Na,Na,Spa,Herentals,n/a,1716,Sprint of large group,Na
2,1962,Stage 2a | Spa - Herentals,VANNITSEN Willy,13248,25 June 1962,-,39.95 km/h,SPP,ME - Men Elite,147 km,GT.A.Stage,Na,Na,Na,Na,Spa,Herentals,n/a,1716,Sprint of large group,Na
3,1962,Stage 2a | Spa - Herentals,VAN LOOY Rik,13248,25 June 1962,-,39.95 km/h,SPP,ME - Men Elite,147 km,GT.A.Stage,Na,Na,Na,Na,Spa,Herentals,n/a,1716,Sprint of large group,Na
4,1962,Stage 2a | Spa - Herentals,GROUSSARD Joseph,13248,25 June 1962,-,39.95 km/h,SPP,ME - Men Elite,147 km,GT.A.Stage,Na,Na,Na,Na,Spa,Herentals,n/a,1716,Sprint of large group,Na
5,1962,Stage 2a | Spa - Herentals,MALIEPAARD Bas,13248,25 June 1962,-,39.95 km/h,SPP,ME - Men Elite,147 km,GT.A.Stage,Na,Na,Na,Na,Spa,Herentals,n/a,1716,Sprint of large group,Na
6,1962,Stage 2a | Spa - Herentals,ZORZI Giuseppe,13248,25 June 1962,-,39.95 km/h,SPP,ME - Men Elite,147 km,GT.A.Stage,Na,Na,Na,Na,Spa,Herentals,n/a,1716,Sprint of large group,Na
7,1962,Stage 2a | Spa - Herentals,VAN EST Piet,13248,25 June 1962,-,39.95 km/h,SPP,ME - Men Elite,147 km,GT.A.Stage,Na,Na,Na,Na,Spa,Herentals,n/a,1716,Sprint of large group,Na
8,1962,Stage 2a | Spa - Herentals,DE MULDER Frans,13248,25 June 1962,-,39.95 km/h,SPP,ME - Men Elite,147 km,GT.A.Stage,Na,Na,Na,Na,Spa,Herentals,n/a,1716,Sprint of large group,Na
9,1962,Stage 2a | Spa - Herentals,SCHOUBBEN Frans,13248,25 June 1962,-,39.95 km/h,SPP,ME - Men Elite,147 km,GT.A.Stage,Na,Na,Na,Na,Spa,Herentals,n/a,1716,Sprint of large group,Na
10,1962,Stage 2a | Spa - Herentals,SIMPSON Tom,13248,25 June 1962,-,39.95 km/h,SPP,ME - Men Elite,147 km,GT.A.Stage,Na,Na,Na,Na,Spa,Herentals,n/a,1716,Sprint of large group,Na
11,1962,Stage 2a | Spa - Herentals,GRACZYK Jean,13248,25 June 1962,-,39.95 km/h,SPP,ME - Men Elite,147 km,GT.A.Stage,Na,Na,Na,Na,Spa,Herentals,n/a,1716,Sprint of large group,Na
12,1962,Stage 2a | Spa - Herentals,BAFFI Pierino,13248,25 June 1962,-,39.95 km/h,SPP,ME - Men Elite,147 km,GT.A.Stage,Na,Na,Na,Na,Spa,Herentals,n/a,1716,Sprint of large group,Na
13,1962,Stage 2a | Spa - Herentals,VAN AERDE Michel,13248,25 June 1962,-,39.95 km/h,SPP,ME - Men Elite,147 km,GT.A.Stage,Na,Na,Na,Na,Spa,Herentals,n/a,1716,Sprint of large group,Na
14,1962,Stage 2a | Spa - Herentals,GAINCHE Jean,13248,25 June 1962,-,39.95 km/h,SPP,ME - Men Elite,147 km,GT.A.Stage,Na,Na,Na,Na,Spa,Herentals,n/a,1716,Sprint of large group,Na
15,1962,Stage 2a | Spa - Herentals,ALTIG Rudi,13248,25 June 1962,-,39.95 km/h,SPP,ME - Men Elite,147 km,GT.A.Stage,Na,Na,Na,Na,Spa,Herentals,n/a,1716,Sprint of large group,Na
16,1962,Stage 2a | Spa - Herentals,ALOMAR Jaime,13248,25 June 1962,-,39.95 km/h,SPP,ME - Men Elite,147 km,GT.A.Stage,Na,Na,Na,Na,Spa,Herentals,n/a,1716,Sprint of large group,Na
17,1962,Stage 2a | Spa - Herentals,HOEVENAERS Jos,13248,25 June 1962,-,39.95 km/h,SPP,ME - Men Elite,147 km,GT.A.Stage,Na,Na,Na,Na,Spa,Herentals,n/a,1716,Sprint of large group,Na
18,1962,Stage 2a | Spa - Herentals,VAN SCHIL Victor,13248,25 June 1962,-,39.95 km/h,SPP,ME - Men Elite,147 km,GT.A.Stage,Na,Na,Na,Na,Spa,Herentals,n/a,1716,Sprint of large group,Na
19,1962,Stage 2a | Spa - Herentals,CLAES Jean-Baptiste,13248,25 June 1962,-,39.95 km/h,SPP,ME - Men Elite,147 km,GT.A.Stage,Na,Na,Na,Na,Spa,Herentals,n/a,1716,Sprint of large group,Na
20,1962,Stage 2a | Spa - Herentals,ZANCANARO Giorgio,13248,25 June 1962,-,39.95 km/h,SPP,ME - Men Elite,147 km,GT.A.Stage,Na,Na,Na,Na,Spa,Herentals,n/a,1716,Sprint of large group,Na
21,1962,Stage 2a | Spa - Herentals,SORGELOOS Edgard,13248,25 June 1962,-,39.95 km/h,SPP,ME - Men Elite,147 km,GT.A.Stage,Na,Na,Na,Na,Spa,Herentals,n/a,1716,Sprint of large group,Na
22,1962,Stage 2a | Spa - Herentals,CARRARA Joseph,13248,25 June 1962,-,39.95 km/h,SPP,ME - Men Elite,147 km,GT.A.Stage,Na,Na,Na,Na,Spa,Herentals,n/a,1716,Sprint of large group,Na
23,1962,Stage 2a | Spa - Herentals,MANZONI Giancarlo,13248,25 June 1962,-,39.95 km/h,SPP,ME - Men Elite,147 km,GT.A.Stage,Na,Na,Na,Na,Spa,Herentals,n/a,1716,Sprint of large group,Na
24,1962,Stage 2a | Spa - Herentals,CERAMI Pino,13248,25 June 1962,-,39.95 km/h,SPP,ME - Men Elite,147 km,GT.A.Stage,Na,Na,Na,Na,Spa,Herentals,n/a,1716,Sprint of large group,Na
25,1962,Stage 2a | Spa - Herentals,PLANCKAERT Joseph,13248,25 June 1962,-,39.95 km/h,SPP,ME - Men Elite,147 km,GT.A.Stage,Na,Na,Na,Na,Spa,Herentals,n/a,1716,Sprint of large group,Na
26,1962,Stage 2a | Spa - Herentals,BENEDETTI Rino,13248,25 June 1962,-,39.95 km/h,SPP,ME - Men Elite,147 km,GT.A.Stage,Na,Na,Na,Na,Spa,Herentals,n/a,1716,Sprint of large group,Na
27,1962,Stage 2a | Spa - Herentals,RAMSBOTTOM Alan,13248,25 June 1962,-,39.95 km/h,SPP,ME - Men Elite,147 km,GT.A.Stage,Na,Na,Na,Na,Spa,Herentals,n/a,1716,Sprint of large group,Na
28,1962,Stage 2a | Spa - Herentals,DESMET Gilbert,13248,25 June 1962,-,39.95 km/h,SPP,ME - Men Elite,147 km,GT.A.Stage,Na,Na,Na,Na,Spa,Herentals,n/a,1716,Sprint of large group,Na
29,1962,Stage 2a | Spa - Herentals,BEUFFEUIL Pierre,13248,25 June 1962,-,39.95 km/h,SPP,ME - Men Elite,147 km,GT.A.Stage,Na,Na,Na,Na,Spa,Herentals,n/a,1716,Sprint of large group,Na
30,1962,Stage 2a | Spa - Herentals,MAHÉ François,13248,25 June 1962,-,39.95 km/h,SPP,ME - Men Elite,147 km,GT.A.Stage,Na,Na,Na,Na,Spa,Herentals,n/a,1716,Sprint of large group,Na
31,1962,Stage 2a | Spa - Herentals,ZILVERBERG Huub,13248,25 June 1962,-,39.95 km/h,SPP,ME - Men Elite,147 km,GT.A.Stage,Na,Na,Na,Na,Spa,Herentals,n/a,1716,Sprint of large group,Na
32,1962,Stage 2a | Spa - Herentals,ONGENAE Marcel,13248,25 June 1962,-,39.95 km/h,SPP,ME - Men Elite,147 km,GT.A.Stage,Na,Na,Na,Na,Spa,Herentals,n/a,1716,Sprint of large group,Na
33,1962,Stage 2a | Spa - Herentals,DE MIDDELEIR Robert,13248,25 June 1962,-,39.95 km/h,SPP,ME - Men Elite,147 km,GT.A.Stage,Na,Na,Na,Na,Spa,Herentals,n/a,1716,Sprint of large group,Na
34,1962,Stage 2a | Spa - Herentals,MASSIGNAN Imerio,13248,25 June 1962,-,39.95 km/h,SPP,ME - Men Elite,147 km,GT.A.Stage,Na,Na,Na,Na,Spa,Herentals,n/a,1716,Sprint of large group,Na
35,1962,Stage 2a | Spa - Herentals,STOLKER Michel,13248,25 June 1962,-,39.95 km/h,SPP,ME - Men Elite,147 km,GT.A.Stage,Na,Na,Na,Na,Spa,Herentals,n/a,1716,Sprint of large group,Na
36,1962,Stage 2a | Spa - Herentals,JUNKERMANN Hans,13248,25 June 1962,-,39.95 km/h,SPP,ME - Men Elite,147 km,GT.A.Stage,Na,Na,Na,Na,Spa,Herentals,n/a,1716,Sprint of large group,Na
37,1962,Stage 2a | Spa - Herentals,ANQUETIL Jacques,13248,25 June 1962,-,39.95 km/h,SPP,ME - Men Elite,147 km,GT.A.Stage,Na,Na,Na,Na,Spa,Herentals,n/a,1716,Sprint of large group,Na
38,1962,Stage 2a | Spa - Herentals,DE BOEVER Jaak,13248,25 June 1962,-,39.95 km/h,SPP,ME - Men Elite,147 km,GT.A.Stage,Na,Na,Na,Na,Spa,Herentals,n/a,1716,Sprint of large group,Na
39,1962,Stage 2a | Spa - Herentals,GELDERMANS Albertus,13248,25 June 1962,-,39.95 km/h,SPP,ME - Men Elite,147 km,GT.A.Stage,Na,Na,Na,Na,Spa,Herentals,n/a,1716,Sprint of large group,Na
40,1962,Stage 2a | Spa - Herentals,EVERAERT Pierre,13248,25 June 1962,-,39.95 km/h,SPP,ME - Men Elite,147 km,GT.A.Stage,Na,Na,Na,Na,Spa,Herentals,n/a,1716,Sprint of large group,Na
41,1962,Stage 2a | Spa - Herentals,CIACCI Catullo,13248,25 June 1962,-,39.95 km/h,SPP,ME - Men Elite,147 km,GT.A.Stage,Na,Na,Na,Na,Spa,Herentals,n/a,1716,Sprint of large group,Na
42,1962,Stage 2a | Spa - Herentals,PAUWELS Eddy,13248,25 June 1962,-,39.95 km/h,SPP,ME - Men Elite,147 km,GT.A.Stage,Na,Na,Na,Na,Spa,Herentals,n/a,1716,Sprint of large group,Na
43,1962,Stage 2a | Spa - Herentals,OTAÑO Luis,13248,25 June 1962,-,39.95 km/h,SPP,ME - Men Elite,147 km,GT.A.Stage,Na,Na,Na,Na,Spa,Herentals,n/a,1716,Sprint of large group,Na
44,1962,Stage 2a | Spa - Herentals,BRUNI Dino,13248,25 June 1962,-,39.95 km/h,SPP,ME - Men Elite,147 km,GT.A.Stage,Na,Na,Na,Na,Spa,Herentals,n/a,1716,Sprint of large group,Na
45,1962,Stage 2a | Spa - Herentals,THOMIN Joseph,13248,25 June 1962,-,39.95 km/h,SPP,ME - Men Elite,147 km,GT.A.Stage,Na,Na,Na,Na,Spa,Herentals,n/a,1716,Sprint of large group,Na
46,1962,Stage 2a | Spa - Herentals,VANDEN BERGHEN Willy,13248,25 June 1962,-,39.95 km/h,SPP,ME - Men Elite,147 km,GT.A.Stage,Na,Na,Na,Na,Spa,Herentals,n/a,1716,Sprint of large group,Na
47,1962,Stage 2a | Spa - Herentals,NENCINI Gastone,13248,25 June 1962,-,39.95 km/h,SPP,ME - Men Elite,147 km,GT.A.Stage,Na,Na,Na,Na,Spa,Herentals,n/a,1716,Sprint of large group,Na
48,1962,Stage 2a | Spa - Herentals,ANGLADE Henry,13248,25 June 1962,-,39.95 km/h,SPP,ME - Men Elite,147 km,GT.A.Stage,Na,Na,Na,Na,Spa,Herentals,n/a,1716,Sprint of large group,Na
49,1962,Stage 2a | Spa - Herentals,BALDINI Ercole,13248,25 June 1962,-,39.95 km/h,SPP,ME - Men Elite,147 km,GT.A.Stage,Na,Na,Na,Na,Spa,Herentals,n/a,1716,Sprint of large group,Na
50,1962,Stage 2a | Spa - Herentals,MESSELIS André,13248,25 June 1962,-,39.95 km/h,SPP,ME - Men Elite,147 km,GT.A.Stage,Na,Na,Na,Na,Spa,Herentals,n/a,1716,Sprint of large group,Na
51,1962,Stage 2a | Spa - Herentals,PUSCHEL Dieter,13248,25 June 1962,-,39.95 km/h,SPP,ME - Men Elite,147 km,GT.A.Stage,Na,Na,Na,Na,Spa,Herentals,n/a,1716,Sprint of large group,Na
52,1962,Stage 2a | Spa - Herentals,STABLINSKI Jean,13248,25 June 1962,-,39.95 km/h,SPP,ME - Men Elite,147 km,GT.A.Stage,Na,Na,Na,Na,Spa,Herentals,n/a,1716,Sprint of large group,Na
53,1962,Stage 2a | Spa - Herentals,MASTROTTO Raymond,13248,25 June 1962,-,39.95 km/h,SPP,ME - Men Elite,147 km,GT.A.Stage,Na,Na,Na,Na,Spa,Herentals,n/a,1716,Sprint of large group,Na
54,1962,Stage 2a | Spa - Herentals,SUÁREZ Antonio,13248,25 June 1962,-,39.95 km/h,SPP,ME - Men Elite,147 km,GT.A.Stage,Na,Na,Na,Na,Spa,Herentals,n/a,1716,Sprint of large group,Na
55,1962,Stage 2a | Spa - Herentals,GROUSSARD Georges,13248,25 June 1962,-,39.95 km/h,SPP,ME - Men Elite,147 km,GT.A.Stage,Na,Na,Na,Na,Spa,Herentals,n/a,1716,Sprint of large group,Na
56,1962,Stage 2a | Spa - Herentals,SCHROEDERS Willy,13248,25 June 1962,-,39.95 km/h,SPP,ME - Men Elite,147 km,GT.A.Stage,Na,Na,Na,Na,Spa,Herentals,n/a,1716,Sprint of large group,Na
57,1962,Stage 2a | Spa - Herentals,MILESI Jean,13248,25 June 1962,-,39.95 km/h,SPP,ME - Men Elite,147 km,GT.A.Stage,Na,Na,Na,Na,Spa,Herentals,n/a,1716,Sprint of large group,Na
58,1962,Stage 2a | Spa - Herentals,DELBERGHE Edouard,13248,25 June 1962,-,39.95 km/h,SPP,ME - Men Elite,147 km,GT.A.Stage,Na,Na,Na,Na,Spa,Herentals,n/a,1716,Sprint of large group,Na
59,1962,Stage 2a | Spa - Herentals,ANNAERT Jean-Claude,13248,25 June 1962,-,39.95 km/h,SPP,ME - Men Elite,147 km,GT.A.Stage,Na,Na,Na,Na,Spa,Herentals,n/a,1716,Sprint of large group,Na
60,1962,Stage 2a | Spa - Herentals,PAMBIANCO Arnaldo,13248,25 June 1962,-,39.95 km/h,SPP,ME - Men Elite,147 km,GT.A.Stage,Na,Na,Na,Na,Spa,Herentals,n/a,1716,Sprint of large group,Na
61,1962,Stage 2a | Spa - Herentals,BAENS Roger,13248,25 June 1962,-,39.95 km/h,SPP,ME - Men Elite,147 km,GT.A.Stage,Na,Na,Na,Na,Spa,Herentals,n/a,1716,Sprint of large group,Na
62,1962,Stage 2a | Spa - Herentals,BRUGNAMI Carlo,13248,25 June 1962,-,39.95 km/h,SPP,ME - Men Elite,147 km,GT.A.Stage,Na,Na,Na,Na,Spa,Herentals,n/a,1716,Sprint of large group,Na
63,1962,Stage 2a | Spa - Herentals,CAZALA Robert,13248,25 June 1962,-,39.95 km/h,SPP,ME - Men Elite,147 km,GT.A.Stage,Na,Na,Na,Na,Spa,Herentals,n/a,1716,Sprint of large group,Na
64,1962,Stage 2a | Spa - Herentals,POULIDOR Raymond,13248,25 June 1962,-,39.95 km/h,SPP,ME - Men Elite,147 km,GT.A.Stage,Na,Na,Na,Na,Spa,Herentals,n/a,1716,Sprint of large group,Na
65,1962,Stage 2a | Spa - Herentals,RONCHINI Diego,13248,25 June 1962,-,39.95 km/h,SPP,ME - Men Elite,147 km,GT.A.Stage,Na,Na,Na,Na,Spa,Herentals,n/a,1716,Sprint of large group,Na
66,1962,Stage 2a | Spa - Herentals,FORESTIER Jean,13248,25 June 1962,-,39.95 km/h,SPP,ME - Men Elite,147 km,GT.A.Stage,Na,Na,Na,Na,Spa,Herentals,n/a,1716,Sprint of large group,Na
67,1962,Stage 2a | Spa - Herentals,VIOT Bernard,13248,25 June 1962,-,39.95 km/h,SPP,ME - Men Elite,147 km,GT.A.Stage,Na,Na,Na,Na,Spa,Herentals,n/a,1716,Sprint of large group,Na
68,1962,Stage 2a | Spa - Herentals,DESMET Armand,13248,25 June 1962,-,39.95 km/h,SPP,ME - Men Elite,147 km,GT.A.Stage,Na,Na,Na,Na,Spa,Herentals,n/a,1716,Sprint of large group,Na
69,1962,Stage 2a | Spa - Herentals,FOUCHER André,13248,25 June 1962,-,39.95 km/h,SPP,ME - Men Elite,147 km,GT.A.Stage,Na,Na,Na,Na,Spa,Herentals,n/a,1716,Sprint of large group,Na
70,1962,Stage 2a | Spa - Herentals,SARTI Luigi,13248,25 June 1962,-,39.95 km/h,SPP,ME - Men Elite,147 km,GT.A.Stage,Na,Na,Na,Na,Spa,Herentals,n/a,1716,Sprint of large group,Na
71,1962,Stage 2a | Spa - Herentals,ABADIE René,13248,25 June 1962,-,39.95 km/h,SPP,ME - Men Elite,147 km,GT.A.Stage,Na,Na,Na,Na,Spa,Herentals,n/a,1716,Sprint of large group,Na
72,1962,Stage 2a | Spa - Herentals,GAUL Charly,13248,25 June 1962,-,39.95 km/h,SPP,ME - Men Elite,147 km,GT.A.Stage,Na,Na,Na,Na,Spa,Herentals,n/a,1716,Sprint of large group,Na
73,1962,Stage 2a | Spa - Herentals,LEFEBVRE Jean-Claude,13248,25 June 1962,-,39.95 km/h,SPP,ME - Men Elite,147 km,GT.A.Stage,Na,Na,Na,Na,Spa,Herentals,n/a,1716,Sprint of large group,Na
74,1962,Stage 2a | Spa - Herentals,DANTE Giuseppe,13248,25 June 1962,-,39.95 km/h,SPP,ME - Men Elite,147 km,GT.A.Stage,Na,Na,Na,Na,Spa,Herentals,n/a,1716,Sprint of large group,Na
75,1962,Stage 2a | Spa - Herentals,ASSIRELLI Alberto,13248,25 June 1962,-,39.95 km/h,SPP,ME - Men Elite,147 km,GT.A.Stage,Na,Na,Na,Na,Spa,Herentals,n/a,1716,Sprint of large group,Na
76,1962,Stage 2a | Spa - Herentals,BAHAMONTES Federico,13248,25 June 1962,-,39.95 km/h,SPP,ME - Men Elite,147 km,GT.A.Stage,Na,Na,Na,Na,Spa,Herentals,n/a,1716,Sprint of large group,Na
77,1962,Stage 2a | Spa - Herentals,ERNZER Marcel,13248,25 June 1962,-,39.95 km/h,SPP,ME - Men Elite,147 km,GT.A.Stage,Na,Na,Na,Na,Spa,Herentals,n/a,1716,Sprint of large group,Na
78,1962,Stage 2a | Spa - Herentals,WOLFSHOHL Rolf,13248,25 June 1962,-,39.95 km/h,SPP,ME - Men Elite,147 km,GT.A.Stage,Na,Na,Na,Na,Spa,Herentals,n/a,1716,Sprint of large group,Na
79,1962,Stage 2a | Spa - Herentals,DOOM Daniel,13248,25 June 1962,-,39.95 km/h,SPP,ME - Men Elite,147 km,GT.A.Stage,Na,Na,Na,Na,Spa,Herentals,n/a,1716,Sprint of large group,Na
80,1962,Stage 2a | Spa - Herentals,FALASCHI Roberto,13248,25 June 1962,-,39.95 km/h,SPP,ME - Men Elite,147 km,GT.A.Stage,Na,Na,Na,Na,Spa,Herentals,n/a,1716,Sprint of large group,Na
81,1962,Stage 2a | Spa - Herentals,CAMPILLO Juan,13248,25 June 1962,-,39.95 km/h,SPP,ME - Men Elite,147 km,GT.A.Stage,Na,Na,Na,Na,Spa,Herentals,n/a,1716,Sprint of large group,Na
82,1962,Stage 2a | Spa - Herentals,TONUCCI Giuseppe,13248,25 June 1962,-,39.95 km/h,SPP,ME - Men Elite,147 km,GT.A.Stage,Na,Na,Na,Na,Spa,Herentals,n/a,1716,Sprint of large group,Na
83,1962,Stage 2a | Spa - Herentals,CARLESI Guido,13248,25 June 1962,-,39.95 km/h,SPP,ME - Men Elite,147 km,GT.A.Stage,Na,Na,Na,Na,Spa,Herentals,n/a,1716,Sprint of large group,Na
84,1962,Stage 2a | Spa - Herentals,LEBAUBE Jean-Claude,13248,25 June 1962,-,39.95 km/h,SPP,ME - Men Elite,147 km,GT.A.Stage,Na,Na,Na,Na,Spa,Herentals,n/a,1716,Sprint of large group,Na
85,1962,Stage 2a | Spa - Herentals,DAEMS Emile,13248,25 June 1962,-,39.95 km/h,SPP,ME - Men Elite,147 km,GT.A.Stage,Na,Na,Na,Na,Spa,Herentals,n/a,1716,Sprint of large group,Na
86,1962,Stage 2a | Spa - Herentals,LACH Stéphane,13248,25 June 1962,-,39.95 km/h,SPP,ME - Men Elite,147 km,GT.A.Stage,Na,Na,Na,Na,Spa,Herentals,n/a,1716,Sprint of large group,Na
87,1962,Stage 2a | Spa - Herentals,ADORNI Vittorio,13248,25 June 1962,-,39.95 km/h,SPP,ME - Men Elite,147 km,GT.A.Stage,Na,Na,Na,Na,Spa,Herentals,n/a,1716,Sprint of large group,Na
88,1962,Stage 2a | Spa - Herentals,DUEZ Henri,13248,25 June 1962,-,39.95 km/h,SPP,ME - Men Elite,147 km,GT.A.Stage,Na,Na,Na,Na,Spa,Herentals,n/a,1716,Sprint of large group,Na
89,1962,Stage 2a | Spa - Herentals,SOLER Angelino,13248,25 June 1962,-,39.95 km/h,SPP,ME - Men Elite,147 km,GT.A.Stage,Na,Na,Na,Na,Spa,Herentals,n/a,1716,Sprint of large group,Na
90,1962,Stage 2a | Spa - Herentals,RIMESSI Alessandro,13248,25 June 1962,-,39.95 km/h,SPP,ME - Men Elite,147 km,GT.A.Stage,Na,Na,Na,Na,Spa,Herentals,n/a,1716,Sprint of large group,Na
91,1962,Stage 2a | Spa - Herentals,DE SMET Gilbert,13248,25 June 1962,-,39.95 km/h,SPP,ME - Men Elite,147 km,GT.A.Stage,Na,Na,Na,Na,Spa,Herentals,n/a,1716,Sprint of large group,Na
92,1962,Stage 2a | Spa - Herentals,COUVREUR Hilaire,13248,25 June 1962,-,39.95 km/h,SPP,ME - Men Elite,147 km,GT.A.Stage,Na,Na,Na,Na,Spa,Herentals,n/a,1716,Sprint of large group,Na
93,1962,Stage 2a | Spa - Herentals,HUIART Marc,13248,25 June 1962,-,39.95 km/h,SPP,ME - Men Elite,147 km,GT.A.Stage,Na,Na,Na,Na,Spa,Herentals,n/a,1716,Sprint of large group,Na
94,1962,Stage 2a | Spa - Herentals,CESTARI Aurelio,13248,25 June 1962,-,39.95 km/h,SPP,ME - Men Elite,147 km,GT.A.Stage,Na,Na,Na,Na,Spa,Herentals,n/a,1716,Sprint of large group,Na
95,1962,Stage 2a | Spa - Herentals,MARTINATO Bruno,13248,25 June 1962,-,39.95 km/h,SPP,ME - Men Elite,147 km,GT.A.Stage,Na,Na,Na,Na,Spa,Herentals,n/a,1716,Sprint of large group,Na
96,1962,Stage 2a | Spa - Herentals,SELIC Jean,13248,25 June 1962,-,39.95 km/h,SPP,ME - Men Elite,147 km,GT.A.Stage,Na,Na,Na,Na,Spa,Herentals,n/a,1716,Sprint of large group,Na
97,1962,Stage 2a | Spa - Herentals,CERVELLINI Sandro,13248,25 June 1962,-,39.95 km/h,SPP,ME - Men Elite,147 km,GT.A.Stage,Na,Na,Na,Na,Spa,Herentals,n/a,1716,Sprint of large group,Na
98,1962,Stage 2a | Spa - Herentals,BONI Guido,13248,25 June 1962,-,39.95 km/h,SPP,ME - Men Elite,147 km,GT.A.Stage,Na,Na,Na,Na,Spa,Herentals,n/a,1716,Sprint of large group,Na
99,1962,Stage 2a | Spa - Herentals,PICOT Fernand,13248,25 June 1962,-,39.95 km/h,SPP,ME - Men Elite,147 km,GT.A.Stage,Na,Na,Na,Na,Spa,Herentals,n/a,1716,Sprint of large group,Na
100,1962,Stage 2a | Spa - Herentals,RUBY Pierre,13248,25 June 1962,-,39.95 km/h,SPP,ME - Men Elite,147 km,GT.A.Stage,Na,Na,Na,Na,Spa,Herentals,n/a,1716,Sprint of large group,Na
101,1962,Stage 2a | Spa - Herentals,ROHRBACH Marcel,13248,25 June 1962,-,39.95 km/h,SPP,ME - Men Elite,147 km,GT.A.Stage,Na,Na,Na,Na,Spa,Herentals,n/a,1716,Sprint of large group,Na
102,1962,Stage 2a | Spa - Herentals,MINIERI Mario,13248,25 June 1962,-,39.95 km/h,SPP,ME - Men Elite,147 km,GT.A.Stage,Na,Na,Na,Na,Spa,Herentals,n/a,1716,Sprint of large group,Na
103,1962,Stage 2a | Spa - Herentals,MARCALETTI Augusto,13248,25 June 1962,-,39.95 km/h,SPP,ME - Men Elite,147 km,GT.A.Stage,Na,Na,Na,Na,Spa,Herentals,n/a,1716,Sprint of large group,Na
104,1962,Stage 2a | Spa - Herentals,FERRER Hubert,13248,25 June 1962,-,39.95 km/h,SPP,ME - Men Elite,147 km,GT.A.Stage,Na,Na,Na,Na,Spa,Herentals,n/a,1716,Sprint of large group,Na
105,1962,Stage 2a | Spa - Herentals,RUBAGOTTI Fedele,13248,25 June 1962,-,39.95 km/h,SPP,ME - Men Elite,147 km,GT.A.Stage,Na,Na,Na,Na,Spa,Herentals,n/a,1716,Sprint of large group,Na
106,1962,Stage 2a | Spa - Herentals,FONTONA Renzo,13248,25 June 1962,-,39.95 km/h,SPP,ME - Men Elite,147 km,GT.A.Stage,Na,Na,Na,Na,Spa,Herentals,n/a,1716,Sprint of large group,Na
107,1962,Stage 2a | Spa - Herentals,ROSTOLLAN Louis,13248,25 June 1962,-,39.95 km/h,SPP,ME - Men Elite,147 km,GT.A.Stage,Na,Na,Na,Na,Spa,Herentals,n/a,1716,Sprint of large group,Na
108,1962,Stage 2a | Spa - Herentals,GUARGUAGLINI Carlo,13248,25 June 1962,-,39.95 km/h,SPP,ME - Men Elite,147 km,GT.A.Stage,Na,Na,Na,Na,Spa,Herentals,n/a,1716,Sprint of large group,Na
109,1962,Stage 2a | Spa - Herentals,BUSTO Emmanuel,13248,25 June 1962,-,39.95 km/h,SPP,ME - Men Elite,147 km,GT.A.Stage,Na,Na,Na,Na,Spa,Herentals,n/a,1716,Sprint of large group,Na
110,1962,Stage 2a | Spa - Herentals,DOTTO Jean,13275,25 June 1962,-,39.95 km/h,SPP,ME - Men Elite,147 km,GT.A.Stage,Na,Na,Na,Na,Spa,Herentals,n/a,1716,Sprint of large group,Na
111,1962,Stage 2a | Spa - Herentals,BETTINELLI Giovanni,13275,25 June 1962,-,39.95 km/h,SPP,ME - Men Elite,147 km,GT.A.Stage,Na,Na,Na,Na,Spa,Herentals,n/a,1716,Sprint of large group,Na
112,1962,Stage 2a | Spa - Herentals,DECABOOTER Arthur,13379,25 June 1962,-,39.95 km/h,SPP,ME - Men Elite,147 km,GT.A.Stage,Na,Na,Na,Na,Spa,Herentals,n/a,1716,Sprint of large group,Na
113,1962,Stage 2a | Spa - Herentals,THIÉLIN Gérard,14098,25 June 1962,-,39.95 km/h,SPP,ME - Men Elite,147 km,GT.A.Stage,Na,Na,Na,Na,Spa,Herentals,n/a,1716,Sprint of large group,Na
114,1962,Stage 2a | Spa - Herentals,BAILETTI Antonio,14098,25 June 1962,-,39.95 km/h,SPP,ME - Men Elite,147 km,GT.A.Stage,Na,Na,Na,Na,Spa,Herentals,n/a,1716,Sprint of large group,Na
115,1962,Stage 2a | Spa - Herentals,MIELE Francesco,14098,25 June 1962,-,39.95 km/h,SPP,ME - Men Elite,147 km,GT.A.Stage,Na,Na,Na,Na,Spa,Herentals,n/a,1716,Sprint of large group,Na
116,1962,Stage 2a | Spa - Herentals,AZZINI Carlo,14098,25 June 1962,-,39.95 km/h,SPP,ME - Men Elite,147 km,GT.A.Stage,Na,Na,Na,Na,Spa,Herentals,n/a,1716,Sprint of large group,Na
117,1962,Stage 2a | Spa - Herentals,CIOLLI Emilio,14098,25 June 1962,-,39.95 km/h,SPP,ME - Men Elite,147 km,GT.A.Stage,Na,Na,Na,Na,Spa,Herentals,n/a,1716,Sprint of large group,Na
118,1962,Stage 2a | Spa - Herentals,FOURNIER René,14098,25 June 1962,-,39.95 km/h,SPP,ME - Men Elite,147 km,GT.A.Stage,Na,Na,Na,Na,Spa,Herentals,n/a,1716,Sprint of large group,Na
119,1962,Stage 2a | Spa - Herentals,COGLIATI Ottavio,14098,25 June 1962,-,39.95 km/h,SPP,ME - Men Elite,147 km,GT.A.Stage,Na,Na,Na,Na,Spa,Herentals,n/a,1716,Sprint of large group,Na
120,1962,Stage 2a | Spa - Herentals,LE LAN Jean,14098,25 June 1962,-,39.95 km/h,SPP,ME - Men Elite,147 km,GT.A.Stage,Na,Na,Na,Na,Spa,Herentals,n/a,1716,Sprint of large group,Na
121,1962,Stage 2a | Spa - Herentals,GENTINA Giancarlo,14098,25 June 1962,-,39.95 km/h,SPP,ME - Men Elite,147 km,GT.A.Stage,Na,Na,Na,Na,Spa,Herentals,n/a,1716,Sprint of large group,Na
122,1962,Stage 2a | Spa - Herentals,DI MARIA Arnaldo,14098,25 June 1962,-,39.95 km/h,SPP,ME - Men Elite,147 km,GT.A.Stage,Na,Na,Na,Na,Spa,Herentals,n/a,1716,Sprint of large group,Na
123,1962,Stage 2a | Spa - Herentals,ELENA Raymond,14098,25 June 1962,-,39.95 km/h,SPP,ME - Men Elite,147 km,GT.A.Stage,Na,Na,Na,Na,Spa,Herentals,n/a,1716,Sprint of large group,Na
124,1962,Stage 2a | Spa - Herentals,MAGNANI Franco,14098,25 June 1962,-,39.95 km/h,SPP,ME - Men Elite,147 km,GT.A.Stage,Na,Na,Na,Na,Spa,Herentals,n/a,1716,Sprint of large group,Na
125,1962,Stage 2a | Spa - Herentals,VAN TONGERLOO Guillaume,14098,25 June 1962,-,39.95 km/h,SPP,ME - Men Elite,147 km,GT.A.Stage,Na,Na,Na,Na,Spa,Herentals,n/a,1716,Sprint of large group,Na
126,1962,Stage 2a | Spa - Herentals,ZANCHI Mario,14098,25 June 1962,-,39.95 km/h,SPP,ME - Men Elite,147 km,GT.A.Stage,Na,Na,Na,Na,Spa,Herentals,n/a,1716,Sprint of large group,Na
127,1962,Stage 2a | Spa - Herentals,MAGNI Oreste,14098,25 June 1962,-,39.95 km/h,SPP,ME - Men Elite,147 km,GT.A.Stage,Na,Na,Na,Na,Spa,Herentals,n/a,1716,Sprint of large group,Na
128,1962,Stage 2a | Spa - Herentals,BOUVET Albert,14098,25 June 1962,-,39.95 km/h,SPP,ME - Men Elite,147 km,GT.A.Stage,Na,Na,Na,Na,Spa,Herentals,n/a,1716,Sprint of large group,Na
129,1962,Stage 2a | Spa - Herentals,DUCARD Robert,14098,25 June 1962,-,39.95 km/h,SPP,ME - Men Elite,147 km,GT.A.Stage,Na,Na,Na,Na,Spa,Herentals,n/a,1716,Sprint of large group,Na
130,1962,Stage 2a | Spa - Herentals,SABBADIN Alfredo,14098,25 June 1962,-,39.95 km/h,SPP,ME - Men Elite,147 km,GT.A.Stage,Na,Na,Na,Na,Spa,Herentals,n/a,1716,Sprint of large group,Na
131,1962,Stage 2a | Spa - Herentals,VELUCCHI Nello,14098,25 June 1962,-,39.95 km/h,SPP,ME - Men Elite,147 km,GT.A.Stage,Na,Na,Na,Na,Spa,Herentals,n/a,1716,Sprint of large group,Na
132,1962,Stage 2a | Spa - Herentals,GOASDUFF François,14098,25 June 1962,-,39.95 km/h,SPP,ME - Men Elite,147 km,GT.A.Stage,Na,Na,Na,Na,Spa,Herentals,n/a,1716,Sprint of large group,Na
133,1962,Stage 2a | Spa - Herentals,VELLY Joseph,14098,25 June 1962,-,39.95 km/h,SPP,ME - Men Elite,147 km,GT.A.Stage,Na,Na,Na,Na,Spa,Herentals,n/a,1716,Sprint of large group,Na
134,1962,Stage 2a | Spa - Herentals,MATTIO Claude,14098,25 June 1962,-,39.95 km/h,SPP,ME - Men Elite,147 km,GT.A.Stage,Na,Na,Na,Na,Spa,Herentals,n/a,1716,Sprint of large group,Na
135,1962,Stage 2a | Spa - Herentals,BARALE Germano,14098,25 June 1962,-,39.95 km/h,SPP,ME - Men Elite,147 km,GT.A.Stage,Na,Na,Na,Na,Spa,Herentals,n/a,1716,Sprint of large group,Na
136,1962,Stage 2a | Spa - Herentals,GALVANIN Tiziano,14098,25 June 1962,-,39.95 km/h,SPP,ME - Men Elite,147 km,GT.A.Stage,Na,Na,Na,Na,Spa,Herentals,n/a,1716,Sprint of large group,Na
137,1962,Stage 2a | Spa - Herentals,CHIARINI Vittorio,14098,25 June 1962,-,39.95 km/h,SPP,ME - Men Elite,147 km,GT.A.Stage,Na,Na,Na,Na,Spa,Herentals,n/a,1716,Sprint of large group,Na
138,1962,Stage 2a | Spa - Herentals,SARTORE Giuseppe,14098,25 June 1962,-,39.95 km/h,SPP,ME - Men Elite,147 km,GT.A.Stage,Na,Na,Na,Na,Spa,Herentals,n/a,1716,Sprint of large group,Na
139,1962,Stage 2a | Spa - Herentals,MAZZACURATI Italo,14098,25 June 1962,-,39.95 km/h,SPP,ME - Men Elite,147 km,GT.A.Stage,Na,Na,Na,Na,Spa,Herentals,n/a,1716,Sprint of large group,Na
140,1962,Stage 2a | Spa - Herentals,NOVALES Joseph,14098,25 June 1962,-,39.95 km/h,SPP,ME - Men Elite,147 km,GT.A.Stage,Na,Na,Na,Na,Spa,Herentals,n/a,1716,Sprint of large group,Na
141,1962,Stage 2a | Spa - Herentals,BIHOUÉE Edouard,14098,25 June 1962,-,39.95 km/h,SPP,ME - Men Elite,147 km,GT.A.Stage,Na,Na,Na,Na,Spa,Herentals,n/a,1716,Sprint of large group,Na
142,1962,Stage 2a | Spa - Herentals,NOVAK Anatole,14098,25 June 1962,-,39.95 km/h,SPP,ME - Men Elite,147 km,GT.A.Stage,Na,Na,Na,Na,Spa,Herentals,n/a,1716,Sprint of large group,Na
143,1962,Stage 2a | Spa - Herentals,IGNOLIN Guy,14098,25 June 1962,-,39.95 km/h,SPP,ME - Men Elite,147 km,GT.A.Stage,Na,Na,Na,Na,Spa,Herentals,n/a,1716,Sprint of large group,Na
144,1962,Stage 2a | Spa - Herentals,ENTHOVEN Dick,14098,25 June 1962,-,39.95 km/h,SPP,ME - Men Elite,147 km,GT.A.Stage,Na,Na,Na,Na,Spa,Herentals,n/a,1716,Sprint of large group,Na
145,1962,Stage 2a | Spa - Herentals,VERMEULIN Michel,-,25 June 1962,-,39.95 km/h,SPP,ME - Men Elite,147 km,GT.A.Stage,Na,Na,Na,Na,Spa,Herentals,n/a,1716,Sprint of large group,Na
146,1962,Stage 2a | Spa - Herentals,DEFILIPPIS Nino,-,25 June 1962,-,39.95 km/h,SPP,ME - Men Elite,147 km,GT.A.Stage,Na,Na,Na,Na,Spa,Herentals,n/a,1716,Sprint of large group,Na
